{
  "baseline": {
    "native": {
      "mae": 45.1129281988237,
      "rmse": 157.4611860673992
    },
    "native_tta": {
      "mae": 36.877492491924436,
      "rmse": 82.9347508988206
    },
    "by_density": {
      "overall": {
        "mae": 45.1129281988237,
        "rmse": 157.4611860673992,
        "n": 500.0
      },
      "sparse": {
        "mae": 9.085640481129223,
        "rmse": 16.105229058036304,
        "n": 113.0
      },
      "medium": {
        "mae": 26.570595214663932,
        "rmse": 48.61676440489832,
        "n": 297.0
      },
      "dense": {
        "mae": 151.53688829210068,
        "rmse": 360.0264902957205,
        "n": 90.0
      }
    },
    "downscaled": {
      "2x": {
        "mae": 44.35275094682782,
        "rmse": 118.30378217188523
      },
      "4x": {
        "mae": 96.03031646296058,
        "rmse": 377.30071343215366
      }
    },
    "zoom_pairs": {
      "mean_abs_diff": 165.97616991449576,
      "median_abs_diff": 30.46978759765625,
      "mean_ratio": 1.5976551016375118,
      "median_ratio": 1.0946712585502356
    }
  },
  "dann": {
    "native": {
      "mae": 53.89935677096248,
      "rmse": 237.22969249294786
    },
    "native_tta": {
      "mae": 46.73084208002589,
      "rmse": 157.14867026023808
    },
    "by_density": {
      "overall": {
        "mae": 53.89935677096248,
        "rmse": 237.22969249294786,
        "n": 500.0
      },
      "sparse": {
        "mae": 15.972867465520327,
        "rmse": 58.13591723407525,
        "n": 113.0
      },
      "medium": {
        "mae": 27.325754313356548,
        "rmse": 53.558148911529685,
        "n": 297.0
      },
      "dense": {
        "mae": 189.2110592312283,
        "rmse": 546.759246642694,
        "n": 90.0
      }
    },
    "downscaled": {
      "2x": {
        "mae": 45.08046136726031,
        "rmse": 117.00153316657547
      },
      "4x": {
        "mae": 91.89021950201588,
        "rmse": 349.2165073689602
      }
    },
    "zoom_pairs": {
      "mean_abs_diff": 155.87903319812213,
      "median_abs_diff": 34.5826416015625,
      "mean_ratio": 1.4410272575711809,
      "median_ratio": 1.1123814912465366
    }
  }
}