{
  "overall": {
    "mae": 51.32383172051608,
    "rmse": 188.27714529839443,
    "n": 500.0
  },
  "sparse": {
    "mae": 11.271663691815549,
    "rmse": 22.802018012466622,
    "n": 113.0
  },
  "medium": {
    "mae": 28.203900057860096,
    "rmse": 52.95556746055161,
    "n": 297.0
  },
  "dense": {
    "mae": 177.9073282877604,
    "rmse": 432.4672709624785,
    "n": 90.0
  }
}