{
  "baseline": {
    "native": {
      "mae": 45.1129281988237,
      "rmse": 157.4611860673992
    },
    "native_tta": {
      "mae": 36.877492491924436,
      "rmse": 82.9347508988206
    },
    "by_density": {
      "overall": {
        "mae": 45.1129281988237,
        "rmse": 157.4611860673992,
        "n": 500.0
      },
      "sparse": {
        "mae": 9.085640481129223,
        "rmse": 16.105229058036304,
        "n": 113.0
      },
      "medium": {
        "mae": 26.570595214663932,
        "rmse": 48.61676440489832,
        "n": 297.0
      },
      "dense": {
        "mae": 151.53688829210068,
        "rmse": 360.0264902957205,
        "n": 90.0
      }
    },
    "downscaled": {
      "2x": {
        "mae": 44.35275094682782,
        "rmse": 118.30378217188523
      },
      "4x": {
        "mae": 96.03031646296058,
        "rmse": 377.30071343215366
      }
    },
    "zoom_pairs": {
      "mean_abs_diff": 165.97616991449576,
      "median_abs_diff": 30.46978759765625,
      "mean_ratio": 1.5976551016375118,
      "median_ratio": 1.0946712585502356
    }
  },
  "dann": {
    "native": {
      "mae": 51.32383172051608,
      "rmse": 188.27714529839443
    },
    "native_tta": {
      "mae": 46.60311133377662,
      "rmse": 137.1068453018493
    },
    "by_density": {
      "overall": {
        "mae": 51.32383172051608,
        "rmse": 188.27714529839443,
        "n": 500.0
      },
      "sparse": {
        "mae": 11.271663691815549,
        "rmse": 22.802018012466622,
        "n": 113.0
      },
      "medium": {
        "mae": 28.203900057860096,
        "rmse": 52.95556746055161,
        "n": 297.0
      },
      "dense": {
        "mae": 177.9073282877604,
        "rmse": 432.4672709624785,
        "n": 90.0
      }
    },
    "downscaled": {
      "2x": {
        "mae": 51.063912836814765,
        "rmse": 152.86342481992375
      },
      "4x": {
        "mae": 100.19487000436487,
        "rmse": 387.89127798774524
      }
    },
    "zoom_pairs": {
      "mean_abs_diff": 166.1591408057291,
      "median_abs_diff": 37.22930908203125,
      "mean_ratio": 1.4549667136211606,
      "median_ratio": 1.1096042889997895
    }
  }
}