{
  "2x_down": {
    "mae": 51.063912836814765,
    "rmse": 152.86342481992375
  },
  "4x_down": {
    "mae": 100.19487000436487,
    "rmse": 387.89127798774524
  }
}