{
  "mean_abs_diff": 166.1591408057291,
  "median_abs_diff": 37.22930908203125,
  "mean_ratio": 1.4549667136211606,
  "median_ratio": 1.1096042889997895,
  "mean_hr_count": 488.56325487230646,
  "mean_lr_count": 344.42672996833676
}