{
  "baseline": {
    "native": {
      "mae": 45.1129281988237,
      "rmse": 157.4611860673992
    },
    "native_tta": {
      "mae": 36.877492491924436,
      "rmse": 82.9347508988206
    },
    "by_density": {
      "overall": {
        "mae": 45.1129281988237,
        "rmse": 157.4611860673992,
        "n": 500.0
      },
      "sparse": {
        "mae": 9.085640481129223,
        "rmse": 16.105229058036304,
        "n": 113.0
      },
      "medium": {
        "mae": 26.570595214663932,
        "rmse": 48.61676440489832,
        "n": 297.0
      },
      "dense": {
        "mae": 151.53688829210068,
        "rmse": 360.0264902957205,
        "n": 90.0
      }
    },
    "downscaled": {
      "2x": {
        "mae": 44.35275094682782,
        "rmse": 118.30378217188523
      },
      "4x": {
        "mae": 96.03031646296058,
        "rmse": 377.30071343215366
      }
    },
    "zoom_pairs": {
      "mean_abs_diff": 165.97616991449576,
      "median_abs_diff": 30.46978759765625,
      "mean_ratio": 1.5976551016375118,
      "median_ratio": 1.0946712585502356
    }
  },
  "dann": {
    "native": {
      "mae": 49.570781829264014,
      "rmse": 203.62654779249593
    },
    "native_tta": {
      "mae": 44.3876187555947,
      "rmse": 144.13685098591256
    },
    "by_density": {
      "overall": {
        "mae": 49.570781829264014,
        "rmse": 203.62654779249593,
        "n": 500.0
      },
      "sparse": {
        "mae": 11.177561934658252,
        "rmse": 30.98940016410854,
        "n": 113.0
      },
      "medium": {
        "mae": 27.139914875480063,
        "rmse": 51.73062552548335,
        "n": 297.0
      },
      "dense": {
        "mae": 171.79746331108942,
        "rmse": 469.3799411087547,
        "n": 90.0
      }
    },
    "downscaled": {
      "2x": {
        "mae": 45.67382970295649,
        "rmse": 126.8022798630771
      },
      "4x": {
        "mae": 95.21407660530647,
        "rmse": 353.5498211736664
      }
    },
    "zoom_pairs": {
      "mean_abs_diff": 161.43901463805653,
      "median_abs_diff": 33.90375518798828,
      "mean_ratio": 1.466457695857376,
      "median_ratio": 1.0727380114344778
    }
  }
}