{
  "overall": {
    "mae": 45.1129281988237,
    "rmse": 157.4611860673992,
    "n": 500.0
  },
  "sparse": {
    "mae": 9.085640481129223,
    "rmse": 16.105229058036304,
    "n": 113.0
  },
  "medium": {
    "mae": 26.570595214663932,
    "rmse": 48.61676440489832,
    "n": 297.0
  },
  "dense": {
    "mae": 151.53688829210068,
    "rmse": 360.0264902957205,
    "n": 90.0
  }
}