{
  "overall": {
    "mae": 45.10541406491958,
    "rmse": 157.39842365365482,
    "n": 500.0
  },
  "sparse": {
    "mae": 9.086381821662386,
    "rmse": 16.104385321556478,
    "n": 113.0
  },
  "medium": {
    "mae": 26.567509898432977,
    "rmse": 48.61214700526065,
    "n": 297.0
  },
  "dense": {
    "mae": 151.5043938530816,
    "rmse": 359.8760954565495,
    "n": 90.0
  }
}