{
  "2x_down": {
    "mae": 44.352532659472196,
    "rmse": 118.30287732503098
  },
  "4x_down": {
    "mae": 96.02992995309273,
    "rmse": 377.30032168926726
  }
}