{
  "2x_down": {
    "mae": 44.35275094682782,
    "rmse": 118.30378217188523
  },
  "4x_down": {
    "mae": 96.03031646296058,
    "rmse": 377.30071343215366
  }
}