{
  "mae": 45.11313543535024,
  "rmse": 157.4620134342742
}