{
  "mean_abs_diff": 165.97636813804752,
  "median_abs_diff": 30.46917724609375,
  "mean_ratio": 1.5976532275773274,
  "median_ratio": 1.0946742222586783,
  "mean_hr_count": 492.72171416048144,
  "mean_lr_count": 345.83534661277395
}